{
  "log": {
    "disabled": true,
    "level": "error",
    "output": "./src/log/box.log",
    "timestamp": true
  },
  "dns": {
    "fakeip": {
      "enabled": true,
      "inet4_range": "198.18.0.0/15",
      "inet6_range": "fc00::/18"
    },
    "servers": [
      {
        "tag": "proxyServerNameServer",
        "address": "https://223.5.5.5/dns-query",
        "detour": "direct",
        "strategy": "prefer_ipv4"
      },
      {
        "tag": "directDns",
        "address": "https://223.5.5.5/dns-query",
        "detour": "direct"
      },
      {
        "tag": "proxyDns",
        "address": "tcp://1.1.1.1",
        "detour": "proxy"
      },
      {
        "tag": "GLOBALDns",
        "address": "tcp://1.1.1.1",
        "detour": "direct"
      },
      {
        "tag": "fakedns",
        "address": "fakeip"
      },
      {
        "tag": "nxdomain",
        "address": "RCode://success"
      },
      {
        "tag": "dnspod-udp",
        "address": "119.29.29.29",
        "detour": "domestic"
      },
      {
        "tag": "dnspod-doh",
        "address": "https://120.53.53.53/dns-query",
        "detour": "domestic"
      },
      {
        "tag": "fiftythree",
        "address": "https://1.15.50.48/verse",
        "detour": "domestic"
      }
    ],
    "rules": [
      {
        "outbound": [
          "direct",
          "OUTBOUNDLESS"
        ],
        "server": "dnspod-udp"
      },
      {
        "outbound": "any",
        "server": "proxyServerNameServer",
        "disable_cache": true
      },
      {
        "clash_mode": "Direct",
        "server": "directDns"
      },
      {
        "domain_suffix": [
          ".msftncsi.com",
          ".msftconnecttest.com"
        ],
        "server": "dnspod-doh"
      },
      {
        "query_type": [
          "A",
          "AAAA"
        ],
        "server": "fakedns",
        "rewrite_ttl": 0
      },
      {
        "clash_mode": "Global",
        "server": "GLOBALDns"
      },
      {
        "rule_set": [
          "proxy-domain",
          "tiktok-domain"
        ],
        "server": "proxyDns"
      },
      {
        "domain": "www.gstatic.com",
        "server": "dnspod-doh"
      },
      {
        "rule_set": [
          "push-domain",
          "direct-domain",
          "bytedance-domain",
          "microsoft@cn-domain",
          "apple@cn-domain",
          "category-games@cn-domain",
          "cn-domain"
        ],
        "server": "dnspod-doh"
      },
      {
        "rule_set": "geolocation-!cn-domain",
        "server": "proxyDns"
      },
      {
        "domain_regex": ".",
        "server": "fiftythree",
        "fallback_rules": [
          {
            "rule_set": "cn-ip",
            "invert": true
          }
        ]
      }
    ],
    "final": "proxyDns",
    "strategy": "ipv4_only",
    "reverse_mapping": true,
    "independent_cache": true
  },
  "inbounds": [
    {
      "tag": "tun",
      "type": "tun",
      "interface_name": "tun1",
      "inet4_address": "172.19.0.0/16",
      "strict_route": true,
      "auto_route": true,
      "stack": "mixed",
      "sniff": true,
      "always_resolve_udp": true,
      "sniff_override_destination": false,
      "sniff_override_rules": [
        {
          "rule_set": [
            "push-domain",
            "push-ip",
            "skip-override"
          ],
          "invert": true
        }
      ]
    }
  ],
  "outbounds": [
    {
      "tag": "direct",
      "type": "direct"
    },
    {
      "tag": "block",
      "type": "block"
    },
    {
      "tag": "dns",
      "type": "dns"
    },
    {
      "tag": "proxy",
      "type": "selector",
      "includes": "美国|新加坡|Singapore|Korea|俄罗斯|Dubai|乌克兰|US|UK|JP|JAPAN|韩国|法兰克福|土耳其|首尔|迪拜|香港|台湾|日本|SG|TR|AR|KR|Azure",
      "excludes": "校园网|TCP",
      "types": [
        "vless",
        "vmess"
      ],
      "use_all_providers": true
    },
    {
      "tag": "domestic",
      "type": "selector",
      "includes": "移动|联通|电信",
      "excludes": "校园网|TCP",
      "types": [
        "vless",
        "vmess"
      ],
      "use_all_providers": true
    }
  ],
  "route": {
    "rule_set": [
      {
        "tag": "category-ads-all-domain",
        "path": "./RuleProviders/category-ads-all-domain.srs",
        "url": "https://raw.githubusercontent.com/CHIZI-0618/v2ray-rules-dat/release/singbox_rule_set/geosite-category-ads-all.srs",
        "type": "remote",
        "format": "binary",
        "download_detour": "proxy",
        "update_interval": "24h"
      },
      {
        "tag": "geolocation-!cn-domain",
        "path": "./RuleProviders/geolocation-!cn-domain.srs",
        "url": "https://raw.githubusercontent.com/CHIZI-0618/v2ray-rules-dat/release/singbox_rule_set/geosite-geolocation-!cn.srs",
        "type": "remote",
        "format": "binary",
        "download_detour": "proxy",
        "update_interval": "24h"
      },
      {
        "tag": "tiktok-domain",
        "path": "./RuleProviders/tiktok-domain.srs",
        "url": "https://raw.githubusercontent.com/CHIZI-0618/v2ray-rules-dat/release/singbox_rule_set/geosite-tiktok@!cn.srs",
        "type": "remote",
        "format": "binary",
        "download_detour": "proxy",
        "update_interval": "24h"
      },
      {
        "tag": "bytedance-domain",
        "path": "./RuleProviders/bytedance-domain.srs",
        "url": "https://raw.githubusercontent.com/CHIZI-0618/v2ray-rules-dat/release/singbox_rule_set/geosite-bytedance.srs",
        "type": "remote",
        "format": "binary",
        "download_detour": "proxy",
        "update_interval": "24h"
      },
      {
        "tag": "apple@cn-domain",
        "path": "./RuleProviders/apple@cn-domain.srs",
        "url": "https://raw.githubusercontent.com/CHIZI-0618/v2ray-rules-dat/release/singbox_rule_set/geosite-apple@cn.srs",
        "type": "remote",
        "format": "binary",
        "download_detour": "proxy",
        "update_interval": "24h"
      },
      {
        "tag": "microsoft@cn-domain",
        "path": "./RuleProviders/microsoft@cn-domain.srs",
        "url": "https://raw.githubusercontent.com/CHIZI-0618/v2ray-rules-dat/release/singbox_rule_set/geosite-microsoft@cn.srs",
        "type": "remote",
        "format": "binary",
        "download_detour": "proxy",
        "update_interval": "24h"
      },
      {
        "tag": "category-games@cn-domain",
        "path": "./RuleProviders/category-games@cn-domain.srs",
        "url": "https://raw.githubusercontent.com/CHIZI-0618/v2ray-rules-dat/release/singbox_rule_set/geosite-category-games@cn.srs",
        "type": "remote",
        "format": "binary",
        "download_detour": "proxy",
        "update_interval": "24h"
      },
      {
        "tag": "cn-domain",
        "path": "./RuleProviders/cn-domain.srs",
        "url": "https://raw.githubusercontent.com/CHIZI-0618/v2ray-rules-dat/release/singbox_rule_set/geosite-cn.srs",
        "type": "remote",
        "format": "binary",
        "download_detour": "proxy",
        "update_interval": "24h"
      },
      {
        "tag": "cn-ip",
        "path": "./RuleProviders/cn-ip.srs",
        "url": "https://raw.githubusercontent.com/MetaCubeX/meta-rules-dat/sing/geo/geoip/cn.srs",
        "type": "remote",
        "format": "binary",
        "download_detour": "proxy",
        "update_interval": "24h"
      },
      {
        "tag": "proxy-domain",
        "path": "./RuleProviders/proxy-domain.json",
        "type": "local",
        "format": "source"
      },
      {
        "tag": "direct-domain",
        "path": "./RuleProviders/direct-domain.json",
        "type": "local",
        "format": "source"
      },
      {
        "tag": "push-domain",
        "path": "./RuleProviders/push-domain.json",
        "type": "local",
        "format": "source"
      },
      {
        "tag": "push-ip",
        "path": "./RuleProviders/push-ip.json",
        "type": "local",
        "format": "source"
      },
      {
        "tag": "skip-override",
        "path": "./RuleProviders/skip-override.json",
        "type": "local",
        "format": "source"
      }
    ],
    "rules": [
      {
        "protocol": "dns",
        "outbound": "dns"
      },
      {
        "clash_mode": "Direct",
        "outbound": "direct"
      },
      {
        "clash_mode": "Global",
        "outbound": "direct"
      },
      {
        "rule_set": [
          "proxy-domain",
          "tiktok-domain"
        ],
        "outbound": "proxy"
      },
      {
        "rule_set": [
          "push-domain",
          "direct-domain",
          "bytedance-domain",
          "microsoft@cn-domain",
          "apple@cn-domain",
          "category-games@cn-domain",
          "cn-domain"
        ],
        "outbound": "domestic"
      },
      {
        "rule_set": "geolocation-!cn-domain",
        "outbound": "proxy"
      },
      {
        "ip_cidr": [
          "0.0.0.0/8",
          "127.0.0.0/8",
          "192.168.0.0/16",
          "::/128",
          "::1/128",
          "fc70::/10",
          "fe80::/10"
        ],
        "outbound": "direct"
      },
      {
        "rule_set": [
          "push-ip",
          "cn-ip"
        ],
        "outbound": "domestic"
      },
      {
        "ip_is_private": true,
        "outbound": "domestic"
      }
    ],
    "final": "proxy",
    "auto_detect_interface": true,
    "find_process": true,
    "default_mark": 2333
  },
  "experimental": {
    "cache_file": {
      "enabled": true,
      "path": "./src/cache.db"
    },
    "clash_api": {
      "external_controller": "127.0.0.1:9909",
      "external_ui": "Dashboard",
      "default_mode": "Rule",
      "secret": "singBox"
    }
  },
  "outbound_providers": [
    {
      "tag": "国际复合",
      "type": "file",
      "path": "./ProxyProviders/国际复合.json",
      "healthcheck_interval": "30m"
    }
  ]
}