{
  "updateTime": 1726572482858,
  "labels": {
    "com.miui.screenrecorder": "屏幕录制",
    "balti.xposed.pixelifygooglephotos": "Pixelify GPhotos",
    "marukogemarubouya.stable_diffusion": "TryArt",
    "com.android.cts.priv.ctsshim": "",
    "com.qualcomm.qti.qms.service.telemetry": "Qualcomm Mobile Security",
    "com.quark.browser": "夸克",
    "com.miui.contentextension": "传送门",
    "com.qualcomm.qti.qcolor": "QColor",
    "com.android.internal.display.cutout.emulation.corner": "边角刘海屏",
    "com.google.android.ext.services": "Android Services Library",
    "com.rise.automatic.autoclicker.clicker": "点击助手",
    "com.android.internal.display.cutout.emulation.double": "双刘海屏",
    "com.android.providers.telephony": "电话和短信存储",
    "com.android.dynsystem": "Dynamic System Updates",
    "com.miui.powerkeeper": "电量和性能",
    "com.xiaomi.miplay_client": "投屏服务",
    "com.android.theme.icon.pebble": "Pebble",
    "com.unionpay.tsmservice.mi": "银联可信服务安全组件小米版本",
    "com.google.android.googlequicksearchbox": "Google",
    "com.miui.qr": "CQR",
    "com.android.providers.calendar": "日历存储",
    "com.miui.contentcatcher": "应用程序扩展服务",
    "com.android.providers.media": "",
    "com.milink.service": "投屏",
    "com.miui.dmregservice": "RegService",
    "com.qti.service.colorservice": "",
    "com.google.android.onetimeinitializer": "Google One Time Init",
    "com.google.android.ext.shared": "Android Shared Library",
    "com.android.internal.systemui.navbar.gestural_wide_back": "Gestural Navigation Bar",
    "com.kiwibrowser.browser": "Kiwi Browser",
    "com.xiaomi.powerchecker": "耗电检测",
    "com.mxtech.videoplayer.pro": "MX 播放器专业版",
    "com.qualcomm.qti.simcontacts": "SIM卡联系人",
    "com.xiaomi.account": "小米帐号",
    "com.rhmsoft.edit.pro": "QuickEdit高级版",
    "com.android.wallpapercropper": "",
    "com.bsp.catchlog": "CatchLog",
    "cn.fyyr.noguardpls": "No Guard Pls",
    "com.android.theme.icon.vessel": "Vessel",
    "com.xiaomi.cameratools": "相机标定",
    "com.android.theme.color.cinnamon": "Cinnamon",
    "miui.systemui.plugin": "系统界面组件",
    "com.xiaomi.mi_connect_service": "小米互联通信服务",
    "com.xiaomi.micloud.sdk": "",
    "com.android.protips": "主屏幕提示",
    "com.android.theme.icon_pack.rounded.systemui": "Rounded",
    "com.miui.packageinstaller": "应用包管理组件",
    "com.android.theme.icon.taperedrect": "Tapered Rect",
    "com.android.updater": "系统更新",
    "com.qualcomm.qti.gpudrivers.kona.api30": "Adreno Graphics Drivers",
    "com.android.externalstorage": "外部存储设备",
    "com.qualcomm.uimremoteclient": "",
    "cn.wq.myandroidtoolspro": "MyAndroidTools Pro",
    "com.xiaomi.gamecenter.sdk.service": "游戏服务",
    "com.android.htmlviewer": "HTML 查看器",
    "com.miui.extraphoto": "Bokeh",
    "com.miui.securityadd": "系统服务组件",
    "com.android.companiondevicemanager": "配套设备管理器",
    "com.miui.gallery": "相册",
    "com.android.quicksearchbox": "搜索",
    "com.android.mms.service": "MmsService",
    "com.example.administrator.searchpicturetool": "搜图神器",
    "com.qualcomm.qti.qms.service.connectionsecurity": "",
    "com.android.providers.downloads": "下载管理程序",
    "com.xiaomi.payment": "米币支付",
    "com.android.networkstack.inprocess": "网络管理器",
    "com.miui.securitycenter": "手机管家",
    "com.android.theme.icon_pack.rounded.android": "Rounded",
    "vendor.qti.hardware.cacert.server": "CACertApp",
    "com.qualcomm.qti.telephonyservice": "",
    "com.miui.thirdappassistant": "三方应用异常分析",
    "com.qualcomm.qti.performancemode": "性能模式",
    "com.android.browser": "浏览器",
    "com.miui.systemAdSolution": "智能服务",
    "com.xiaomi.aiasst.vision": "AiasstVision",
    "com.miui.tsmclient": "小米智能卡",
    "com.android.theme.icon_pack.circular.themepicker": "Circular",
    "vendor.qti.iwlan": "",
    "com.google.android.configupdater": "ConfigUpdater",
    "com.android.systemui.icon.overlay": "",
    "com.android.soundrecorder": "录音机",
    "com.qualcomm.uimremoteserver": "",
    "com.qti.confuridialer": "Conference URI Dialer",
    "com.miui.guardprovider": "MIUI安全组件",
    "android.qvaoverlay.common": "",
    "com.google.ar.lens": "智能镜头",
    "org.zwanoo.android.speedtest": "Speedtest",
    "com.android.providers.downloads.ui": "下载管理",
    "com.didjdk.adbhelper": "甲壳虫ADB助手",
    "com.android.vending": "Google Play 商店",
    "com.android.pacprocessor": "PacProcessor",
    "com.android.simappdialog": "Sim App Dialog",
    "com.wbkj.leten": "雷霆",
    "com.miui.backup": "备份",
    "com.android.settings.overlay.miui": "",
    "com.miui.notification": "通知管理",
    "android.overlay.common": "",
    "com.miui.micloudsync": "MiCloudSync",
    "com.android.internal.display.cutout.emulation.hole": "打孔屏",
    "com.android.internal.display.cutout.emulation.tall": "长型刘海屏",
    "com.miui.daemon": "MiuiDaemon",
    "com.xiaomi.ab": "小米商城系统组件",
    "com.android.networkstack.overlay": "NetworkStackOverlay",
    "com.android.modulemetadata": "Module Metadata",
    "com.android.certinstaller": "证书安装程序",
    "com.bdxztokklst": "壳助手",
    "com.xiaomi.mibrain.speech": "系统语音引擎",
    "com.android.theme.color.black": "Black",
    "com.android.carrierconfig": "",
    "com.google.android.marvin.talkback": "Android 无障碍套件",
    "com.android.theme.color.green": "Green",
    "com.android.theme.color.ocean": "Ocean",
    "com.android.theme.color.space": "Space",
    "com.wapi.wapicertmanage": "WAPI证书",
    "com.android.internal.systemui.navbar.threebutton": "3 Button Navigation Bar",
    "com.xunlei.downloadprovider": "迅雷",
    "com.xiaomi.migameservice": "游戏高能时刻",
    "com.qti.qualcomm.datastatusnotification": "",
    "org.lsposed.manager": "LSPosed",
    "android": "系统框架",
    "com.android.systemui.notch.overlay": "",
    "com.android.contacts": "通讯录与拨号",
    "com.miui.huanji": "小米换机",
    "com.qualcomm.wfd.service": "Wfd Service",
    "com.miui.hybrid": "快应用服务框架",
    "com.flyersoft.moonreaderp": "静读天下专业版",
    "android.miui.overlay": "",
    "com.miui.vsimcore": "MConnService",
    "com.miui.securitycore": "安全核心组件",
    "com.android.theme.icon_pack.rounded.launcher": "Rounded",
    "com.qti.qualcomm.deviceinfo": "设备信息",
    "com.rongcard.eid": "Eid-Service",
    "bin.mt.termex": "MT终端扩展包",
    "com.android.mms": "短信",
    "com.android.mtp": "MTP 主机",
    "com.android.nfc": "NFC服务",
    "com.android.ons": "",
    "com.android.stk": "USIM卡应用",
    "com.android.backupconfirm": "",
    "com.xiaomi.simactivate.service": "小米SIM卡激活服务",
    "com.miui.phrase": "常用语",
    "com.miui.player": "音乐",
    "com.miui.miservice": "服务与反馈",
    "com.android.provision": "开机引导",
    "org.codeaurora.ims": "",
    "com.android.statementservice": "Intent Filter Verification Service",
    "bin.mt.plus": "MT管理器",
    "android.overlay.target": "",
    "com.miui.system": "",
    "com.android.settings.intelligence": "Settings Suggestions",
    "com.android.calendar": "日历",
    "com.miui.translation.kingsoft": "",
    "com.miui.catcherpatch": "",
    "com.miui.maintenancemode": "维修模式",
    "com.miui.virtualsim": "全球上网",
    "com.android.internal.systemui.navbar.gestural_extra_wide_back": "Gestural Navigation Bar",
    "com.miui.systemui.devices.overlay": "",
    "com.miui.compass": "指南针",
    "com.qualcomm.qti.dynamicddsservice": "",
    "com.miui.cit": "CIT",
    "com.miui.rom": "",
    "com.google.android.trichromelibrary_443021033": "Trichrome Library",
    "com.qualcomm.qcrilmsgtunnel": "",
    "com.android.providers.settings": "设置存储",
    "com.miui.vpnsdkmanager": "MiuiVpnSdkManager",
    "com.android.sharedstoragebackup": "",
    "com.qkprdtwzavoezofwy.n": "Sqwyotmsi",
    "com.xiaomi.location.fused": "融合位置服务",
    "com.android.printspooler": "打印处理服务",
    "com.miui.personalassistant": "智能助理",
    "com.miui.misound": "音质音效",
    "com.qualcomm.qti.services.systemhelper": "System Helper Service",
    "com.android.theme.icon_pack.filled.settings": "Filled",
    "com.android.wifi.resources.overlay.common": "",
    "org.ifaa.aidl.manager": "IFAAService",
    "com.android.dreams.basic": "基本互动屏保",
    "com.google.android.overlay.modules.ext.services": "",
    "com.android.incallui": "电话",
    "com.android.systemui.gesture.line.overlay": "",
    "com.fido.xiaomi.uafclient": "FIDO UAF1.0 Client",
    "cn.trinea.android.developertools.pro": "开发助手专业版",
    "com.miui.bugreport": "用户反馈",
    "com.android.se": "SecureElementApplication",
    "com.android.inputdevices": "输入设备",
    "com.fido.asm": "FIDO UAF1.0 ASM",
    "com.qti.slaservice": "",
    "com.android.bips": "系统打印服务",
    "com.qti.dpmserviceapp": "",
    "com.reqable.android": "Reqable",
    "org.dtx.aidl.manager": "DtxService",
    "com.android.theme.icon_pack.circular.settings": "Circular",
    "com.fingerprints.extension.service": "FingerprintExtensionService",
    "com.android.fileexplorer": "文件管理",
    "com.qti.xdivert": "X-Divert设置",
    "com.miui.voicetrigger": "语音唤醒",
    "com.xiaomi.macro": "自动连招",
    "com.android.musicfx": "MusicFX",
    "com.xiaomi.mircs": "Mi RCS",
    "com.android.systemui.overlay.miui": "",
    "com.google.android.overlay.gmsconfig": "",
    "com.miui.translation.youdao": "",
    "com.miui.cloudbackup": "桌面云备份",
    "ap.up": "pixiv",
    "com.miui.face.overlay.miui": "",
    "com.android.cellbroadcastreceiver": "",
    "com.google.android.webview": "Android System WebView",
    "com.android.theme.icon.teardrop": "Teardrop",
    "com.google.android.overlay.modules.documentsui": "",
    "com.reqable.android.helper": "Reqable辅助服务",
    "com.mipay.wallet": "钱包",
    "com.ktls.fileinfo": "存储空间清理",
    "com.android.server.telecom": "通话管理",
    "com.android.server.telecom.overlay.miui": "",
    "com.google.android.syncadapters.contacts": "Google通讯录同步",
    "com.android.cellbroadcastservice": "Cell Broadcast Service",
    "com.android.theme.icon_pack.rounded.themepicker": "Rounded",
    "com.android.keychain": "密钥链",
    "com.qti.snapdragon.qdcm_ff": "QDCM-FF",
    "com.android.wifi.resources.overlay.target": "",
    "com.android.camera": "",
    "com.xiaomi.xmsf": "小米服务框架",
    "com.android.theme.icon_pack.filled.systemui": "Filled",
    "com.google.android.packageinstaller": "软件包安装程序",
    "com.miui.mishare.connectivity": "小米互传",
    "webapp.shenmi": "神秘",
    "com.google.android.gms": "Google Play 服务",
    "com.google.android.gsf": "Google 服务框架",
    "com.android.wifi.resources": "系统 WLAN 资源",
    "com.android.phone.overlay.common": "",
    "com.qualcomm.qti.qtisystemservice": "",
    "com.android.carrierconfig.overlay.common": "",
    "com.android.calllogbackup": "Call Log Backup/Restore",
    "com.miui.freeform": "自由窗口",
    "com.xiaomi.miaudiovisual": "MiAudioVisual",
    "android.aosp.overlay": "",
    "com.android.systemui.overlay.common": "",
    "moe.tarsin.ehviewer": "EhViewer",
    "com.xiaomi.xmsfkeeper": "Xiaomi Service Framework Keeper",
    "com.miui.rom.miuidefaultconfigoverlay.config.overlay": "",
    "com.android.server.telecom.overlay.common": "",
    "com.android.localtransport": "",
    "com.android.carrierdefaultapp": "运营商默认应用",
    "com.qualcomm.qti.remoteSimlockAuth": "",
    "com.xiaomi.finddevice": "查找设备",
    "com.qualcomm.qti.devicestatisticsservice": "",
    "com.android.theme.font.notoserifsource": "Noto Serif / Source Sans Pro",
    "com.android.theme.icon_pack.filled.android": "Filled",
    "eu.depau.etchdroid": "EtchDroid",
    "com.android.proxyhandler": "ProxyHandler",
    "com.xiaomi.joyose": "Joyose",
    "com.android.internal.display.cutout.emulation.waterfall": "瀑布刘海屏",
    "com.qualcomm.qti.workloadclassifier": "",
    "com.android.theme.icon_pack.circular.systemui": "Circular",
    "org.videolan.vlc": "VLC",
    "com.miui.nextpay": "小米支付",
    "com.miui.video": "小米视频",
    "com.miui.wmsvc": "WMService",
    "com.xiaomi.market": "应用商店",
    "com.xiaomi.misettings": "小米设置",
    "com.google.android.printservice.recommendation": "Print Service Recommendation Service",
    "com.xiaomi.mirror": "MIUI+ Beta版",
    "com.google.android.apps.photos": "Photos",
    "rafrobsystems.postgresclient": "Postgres Client",
    "com.miui.translationservice": "",
    "com.miui.cloudservice": "小米云服务",
    "com.android.managedprovisioning": "工作设置",
    "com.miui.hybrid.accessory": "智慧生活",
    "com.fingerprints.sensortesttool": "Sensor Test Tool",
    "com.android.soundpicker": "声音",
    "com.tencent.soter.soterserver": "SoterService",
    "com.google.android.documentsui": "文件",
    "com.android.dreams.phototable": "照片屏幕保护程序",
    "com.miui.audiomonitor": "录音助手",
    "com.xiaomi.otrpbroker": "TAMservice",
    "com.miui.translation.xmcloud": "",
    "com.sohu.inputmethod.sogou.xiaomi": "搜狗输入法小米版",
    "com.miui.touchassistant": "悬浮球",
    "com.xiaomi.mtb": "MODEM测试工具",
    "com.xiaomi.ugd": "GPU 驱动更新",
    "com.baidu.BaiduMap": "百度地图",
    "com.catchingnow.icebox": "冰箱",
    "com.android.smspush": "",
    "com.miui.calculator": "计算器",
    "com.android.wallpaper.livepicker": "Live Wallpaper Picker",
    "com.miui.cloudservice.sysbase": "CloudServiceSysbase",
    "com.android.apps.tag": "Tags",
    "com.miui.miwallpaper": "WallPaper",
    "com.miui.securityinputmethod": "小米安全键盘",
    "tw.nekomimi.nekogram": "Nekogram",
    "io.legado.app.release": "阅读",
    "com.junge.algorithmAide": "算法助手",
    "com.android.systemui.navigation.bar.overlay": "",
    "com.xiaomi.bluetooth": "MIUI Bluetooth",
    "idm.internet.download.manager.plus": "IDM+",
    "com.android.theme.icon.squircle": "Squircle",
    "com.xiaomi.metoknlp": "网络位置服务",
    "com.google.android.cellbroadcastservice.overlay.miui": "",
    "com.rdstory.miuiperfsaver": "MIUI 性能救星",
    "com.miui.cleanmaster": "垃圾清理",
    "pro.gif.videotogif.gifeditor.gifmaker": "Gif工具",
    "com.evbadroid.wicap": "Wi.cap",
    "com.android.storagemanager": "存储空间管理器",
    "com.miui.analytics": "Analytics",
    "com.android.bookmarkprovider": "Bookmark Provider",
    "com.android.settings": "设置",
    "com.qualcomm.qti.cne": "CneApp",
    "com.qualcomm.qti.lpa": "",
    "com.qualcomm.qti.uim": "",
    "com.miui.weather2": "天气",
    "com.android.theme.icon_pack.filled.launcher": "Filled",
    "com.android.networkstack.tethering.inprocess": "Tethering",
    "com.android.networkstack.permissionconfig": "",
    "com.termux": "Termux",
    "com.modemdebug": "",
    "com.autonavi.minimap": "高德地图",
    "com.guoshi.httpcanary": "HttpCanary",
    "com.qualcomm.location": "LocationServices",
    "com.android.systemui.miui.optimization.overlay": "",
    "com.xiaomi.scanner": "扫一扫",
    "pl.solidexplorer2": "Solid Explorer",
    "com.taobao.idlefish": "闲鱼",
    "com.android.cts.ctsshim": "",
    "com.sevtinge.cemiuiler": "Cemiuiler",
    "com.miui.mediaeditor": "小米相册-编辑",
    "com.miui.yellowpage": "生活黄页",
    "com.miui.accessibility": "小米闻声",
    "com.android.theme.icon_pack.circular.launcher": "Circular",
    "com.qualcomm.qti.uimGbaApp": "",
    "com.qti.diagservices": "",
    "com.miui.systemui.carriers.overlay": "",
    "com.android.provision.overlay.miui": "",
    "com.miui.systemui.overlay.devices.android": "",
    "com.qualcomm.qti.services.secureui": "Secure UI Service",
    "com.xiaomi.bluetooth.overlay": "",
    "com.android.vpndialogs": "VpnDialogs",
    "com.android.email": "电子邮件",
    "com.miui.voiceassist": "小爱同学",
    "com.android.phone": "电话服务",
    "com.android.overlay.gmstelephony": "",
    "com.android.shell": "Shell",
    "com.android.theme.icon_pack.filled.themepicker": "Filled",
    "com.android.wallpaperbackup": "",
    "com.android.providers.blockednumber": "存储已屏蔽的号码",
    "com.miui.screenshot": "截屏",
    "com.android.overlay.gmstelecomm": "",
    "com.android.providers.userdictionary": "用户字典",
    "com.android.providers.media.module": "媒体存储设备",
    "com.bilibili.warmsnow": "暖雪",
    "com.android.emergency": "急救信息",
    "com.qualcomm.qti.seccamservice": "SecCamService",
    "com.miui.greenguard": "安全守护服务",
    "com.android.hotspot2.osulogin": "OsuLogin",
    "com.azure.authenticator": "Authenticator",
    "com.android.internal.systemui.navbar.gestural": "Gestural Navigation Bar",
    "com.android.location.fused": "一体化位置信息",
    "com.android.theme.color.orchid": "Orchid",
    "com.android.deskclock": "时钟",
    "com.android.systemui": "系统界面",
    "com.android.wifi.resources.xiaomi": "",
    "com.android.theme.color.purple": "Purple",
    "com.android.bluetoothmidiservice": "Bluetooth MIDI Service",
    "com.qualcomm.qti.poweroffalarm": "关机闹钟",
    "com.qti.ltebc": "LTE Broadcast Manager",
    "com.google.android.cellbroadcastreceiver.overlay.miui": "",
    "com.android.permissioncontroller": "权限控制器",
    "com.miui.smsextra": "",
    "com.android.thememanager": "主题壁纸",
    "com.iflytek.inputmethod.oem": "讯飞输入法清爽版",
    "com.xodo.pdf.reader": "Xodo",
    "com.xiaomi.bsp.gps.nps": "卫星定位",
    "com.android.traceur": "系统跟踪",
    "com.android.thememanager.module": "",
    "com.lbe.security.miui": "权限管理服务",
    "com.qualcomm.qti.server.wigig.tethering.rro": "",
    "com.android.bluetooth": "蓝牙",
    "com.qualcomm.timeservice": "",
    "com.xiaomi.drivemode": "驾车场景",
    "com.qualcomm.atfwd": "",
    "com.qualcomm.embms": "",
    "com.android.providers.contacts": "联系人存储",
    "com.android.captiveportallogin": "CaptivePortalLogin",
    "com.android.theme.icon.roundedrect": "Rounded Rectangle",
    "com.android.internal.systemui.navbar.gestural_narrow_back": "Gestural Navigation Bar",
    "com.android.cellbroadcastreceiver.overlay.common": "",
    "com.android.theme.icon_pack.rounded.settings": "Rounded",
    "com.miui.core": "MIUI SDK",
    "com.miui.face": "MiuiBiometric",
    "com.miui.home": "系统桌面",
    "com.xiaomi.aiasst.service": "AI虚拟助手",
    "com.android.theme.icon_pack.circular.android": "Circular",
    "tv.danmaku.bili": "哔哩哔哩",
    "com.google.android.trichromelibrary_666803842": "Trichrome Library"
  }
}